,Age,Gender,Class,Size of Family,Father education,Mother education,Father Occupation,Mother Occupation,Health Issues,ParentMaritalStatus,PracticeSport,Attendance,Homework completion,Academic Score,Attentivity in Class,Behavioral Patterns,Performance,Self-Esteem,Socially Skills,Teacher Interaction,Cognitive Development,Technology Influence,Social Media Influence,Involved in Extra-Curricular
0,10,1,5,3.0,1,1,2,3,0,0,1,0,0,2,0,1,3,1,0,0,1,2,0,1
1,10,0,5,4.0,3,2,2,3,0,0,1,1,0,1,0,1,1,0,0,0,0,2,0,1
2,10,0,5,5.0,1,1,1,3,0,0,1,0,0,1,0,1,2,0,0,0,1,2,0,1
3,10,1,5,4.0,3,2,1,2,0,0,1,1,0,1,0,1,2,0,0,0,1,2,0,1
4,10,1,5,3.0,1,1,3,4,0,0,1,1,0,2,1,1,3,0,0,0,1,2,0,1
5,10,1,5,2.0,3,2,3,4,0,2,1,0,2,2,1,0,3,0,0,0,1,2,0,1
6,10,0,5,3.0,1,1,2,3,0,0,1,0,0,0,0,1,1,0,0,0,0,2,0,1
7,10,1,5,4.0,3,2,2,3,0,0,1,1,0,2,1,0,3,0,0,0,1,1,0,1
8,10,0,5,3.0,1,1,1,3,0,0,1,1,0,1,0,1,0,0,0,0,1,2,0,1
9,10,0,5,2.0,3,2,1,2,0,2,1,0,0,1,0,1,2,0,0,0,1,2,0,1
10,10,1,5,5.0,1,1,3,4,0,0,1,1,0,1,0,1,2,0,0,0,1,2,0,1
11,10,1,5,3.0,3,2,3,4,0,0,1,1,0,2,0,0,3,0,0,0,1,2,0,1
12,10,1,5,4.0,1,1,2,3,0,0,1,1,0,1,0,1,1,0,0,0,1,2,0,1
13,10,0,5,3.0,3,2,2,3,0,0,1,0,0,1,0,1,1,1,0,0,1,2,0,1
14,10,0,5,4.0,1,1,1,3,0,0,1,0,0,1,0,1,0,0,0,0,1,2,0,1
15,10,0,5,5.0,3,2,1,2,0,0,1,0,2,1,0,0,0,0,0,0,1,1,0,1
16,10,1,5,4.0,1,1,3,4,0,0,1,0,0,1,0,1,0,0,0,0,1,2,0,1
17,10,0,5,4.0,3,2,3,4,0,0,1,2,0,1,0,1,2,0,0,0,1,1,0,1
18,10,0,5,3.0,1,1,2,3,0,0,1,1,0,1,0,1,2,0,0,0,1,2,0,1
19,10,1,5,4.0,3,2,2,3,0,0,1,0,0,1,0,1,2,0,0,0,0,2,0,1
20,10,1,5,3.0,1,1,1,3,0,0,1,0,0,2,1,1,3,0,0,0,1,2,0,1
21,10,0,5,4.0,3,2,1,2,0,0,1,0,0,2,0,1,3,0,0,0,1,2,0,1
22,10,1,5,5.0,1,1,3,4,0,0,1,0,2,2,1,1,3,1,0,0,1,2,0,1
23,10,0,5,6.0,3,2,3,4,0,0,1,0,2,2,1,1,3,1,2,0,1,2,0,1
24,10,1,5,6.0,1,1,2,3,0,0,1,0,0,2,0,1,3,0,0,0,1,2,0,1
25,10,1,5,5.0,3,2,2,3,0,0,1,0,0,1,0,1,0,0,0,0,1,2,0,1
26,10,0,5,5.0,1,1,1,3,0,0,1,1,0,1,0,1,0,0,0,0,1,2,0,1
27,10,0,5,3.0,3,2,1,2,0,0,1,1,0,1,0,1,1,0,0,0,0,2,0,1
28,10,1,5,3.0,1,1,3,4,0,0,1,0,0,1,0,1,0,1,1,1,1,2,0,1
29,10,1,5,3.0,3,2,3,4,0,0,1,1,0,1,0,1,1,0,0,0,0,2,0,1
30,14,1,8,3.0,1,1,2,4,1,0,1,1,0,1,0,1,3,0,0,0,0,0,1,2
31,14,1,8,4.0,1,1,2,3,0,0,1,1,2,2,1,0,3,1,0,1,1,0,1,2
32,14,1,8,4.0,1,1,2,4,0,0,1,2,2,2,2,0,3,1,2,1,1,1,1,0
33,14,1,8,4.0,1,1,2,3,0,0,1,0,0,2,1,1,3,0,0,1,1,1,1,1
34,14,0,8,3.0,1,1,2,4,0,0,1,1,0,2,1,1,3,1,1,1,1,1,1,2
35,13,0,8,3.0,1,1,1,2,1,0,1,0,0,3,1,1,3,1,2,1,1,2,0,2
36,14,0,8,3.0,1,1,2,4,0,0,1,0,0,1,0,2,3,0,0,0,0,1,0,1
37,14,1,8,3.0,1,1,2,4,0,0,1,1,2,2,1,1,3,0,0,1,1,0,1,2
38,14,0,8,4.0,1,1,3,4,0,0,1,0,0,1,0,2,3,0,0,0,1,1,1,1
39,14,1,8,3.0,1,1,1,2,0,0,1,1,2,2,1,0,3,0,0,1,1,0,1,1
40,14,1,8,4.0,1,1,2,3,0,0,1,1,2,3,1,1,3,0,0,1,1,0,1,1
41,14,0,8,4.0,1,1,2,4,0,0,1,1,0,2,0,1,3,0,0,1,1,1,1,2
42,14,0,8,3.0,1,1,2,4,0,0,1,1,2,3,1,1,3,0,0,0,1,1,1,2
43,14,1,8,3.0,3,3,1,2,0,0,1,1,0,2,0,1,3,0,0,0,1,1,1,2
44,14,0,8,3.0,1,1,2,4,0,0,1,0,0,1,0,2,3,0,0,0,1,2,0,1
45,13,1,8,3.0,1,1,2,4,0,0,1,1,0,2,1,0,3,0,0,1,1,0,1,2
46,14,1,8,3.0,1,1,3,4,0,0,1,1,0,2,0,1,3,0,0,0,1,2,0,2
47,14,0,8,3.0,1,1,3,4,0,0,1,2,2,3,2,1,3,0,0,1,1,1,1,0
48,14,0,8,3.0,1,1,2,4,0,0,1,1,2,2,1,1,3,0,0,1,1,1,1,2
49,7,0,1,3.0,3,2,3,3,0,0,0,1,1,1,1,3,2,0,0,0,1,2,0,2
50,7,1,1,3.0,3,2,2,4,0,0,2,1,2,0,0,2,1,0,0,0,1,1,0,1
51,7,1,1,3.0,0,1,2,4,0,0,1,0,0,0,0,1,1,0,0,0,1,2,0,2
52,7,1,1,3.0,1,3,2,3,0,0,0,1,0,1,1,1,0,0,0,0,1,1,0,2
53,7,0,1,2.0,0,0,2,4,0,0,2,2,1,1,1,1,2,0,0,0,1,1,0,2
54,7,1,1,3.0,3,2,2,3,0,0,1,0,2,0,0,1,1,0,0,0,1,1,0,2
55,7,1,1,3.0,3,1,2,3,0,0,0,0,0,0,0,1,1,0,0,0,1,1,0,1
56,7,0,1,2.0,3,1,2,4,0,0,1,0,0,0,0,1,1,0,0,0,1,1,0,1
57,7,1,1,3.0,3,1,2,2,0,0,1,1,0,0,0,1,1,0,0,0,1,1,0,1
58,7,0,1,3.0,3,1,2,4,0,0,1,2,0,0,0,1,1,0,0,0,1,1,0,1
59,7,0,1,3.0,3,1,2,4,0,0,1,1,0,0,0,1,1,0,0,0,1,2,0,1
60,7,0,1,3.0,3,1,2,4,0,0,1,1,0,0,0,1,1,0,0,0,1,2,0,1
61,7,0,1,5.0,3,1,2,4,0,0,1,1,0,0,0,1,1,0,0,0,1,2,0,1
62,7,0,1,3.0,3,1,2,4,0,0,1,1,0,0,0,1,1,0,0,0,1,2,0,1
63,7,0,1,3.0,3,1,2,4,0,0,1,1,0,1,0,1,2,0,0,0,1,2,0,1
64,7,0,1,3.0,3,1,2,4,0,0,1,0,0,1,0,1,1,0,0,0,1,2,0,1
65,7,1,1,3.0,3,1,3,4,0,0,1,0,0,2,0,1,3,1,0,0,1,2,0,1
66,7,1,1,3.0,3,1,3,4,0,0,1,1,0,1,0,1,2,0,0,0,1,2,0,1
67,7,1,1,3.0,3,1,2,4,0,0,1,1,0,1,0,1,2,0,0,0,1,2,0,1
68,7,1,1,3.0,1,1,1,4,0,0,1,0,0,1,0,1,0,0,0,0,1,2,0,1
69,7,1,1,3.0,1,1,1,4,0,0,1,1,0,1,0,1,2,0,0,0,1,2,0,1
70,7,0,1,3.0,0,1,1,4,0,0,1,0,0,1,0,1,2,0,0,0,1,2,0,1
71,7,0,1,3.0,1,1,1,4,0,0,1,1,0,1,0,1,2,0,0,0,1,2,0,1
72,7,1,1,3.0,1,1,1,4,1,0,1,1,0,1,0,1,2,0,0,0,1,2,0,1
73,7,1,1,3.0,1,1,1,4,1,0,1,1,0,1,0,1,2,0,0,0,1,2,0,1
74,7,1,1,3.0,1,1,1,4,1,0,1,1,2,1,0,1,2,0,0,0,1,2,0,1
75,7,1,1,3.0,1,1,1,4,0,0,1,1,1,1,0,1,2,0,0,0,1,2,0,1
76,7,1,1,2.0,1,1,1,4,0,0,1,1,2,1,0,1,2,0,0,0,1,2,0,1
77,7,0,1,3.0,1,1,1,4,1,0,1,1,2,1,0,1,2,0,0,0,1,2,0,1
78,7,0,1,3.0,1,1,1,4,1,0,1,1,2,1,0,1,2,0,0,0,1,2,0,1
79,7,1,1,3.0,1,1,1,4,0,0,2,1,2,1,0,1,2,0,0,0,1,2,0,1
80,7,0,1,3.0,1,3,1,4,0,0,2,1,2,1,0,1,2,0,0,0,1,2,0,1
81,7,1,1,3.0,1,3,1,4,0,0,2,1,2,1,1,1,0,0,0,0,1,2,0,1
82,7,1,1,3.0,1,3,1,4,0,0,2,1,2,1,0,1,1,0,0,0,1,2,0,1
83,7,1,1,3.0,0,3,1,4,0,0,2,1,2,1,1,1,0,0,0,0,1,2,0,1
84,7,1,1,3.0,3,3,1,4,0,0,2,1,2,1,1,1,0,0,0,0,1,2,0,1
85,7,1,1,3.0,1,3,1,4,0,0,2,1,2,1,1,3,0,0,0,0,1,2,0,1
86,7,0,1,3.0,1,3,1,4,0,0,2,1,2,1,1,0,0,0,0,0,1,2,0,1
87,7,0,1,3.0,1,3,3,4,0,0,2,0,2,1,1,0,0,0,0,0,1,2,0,1
88,7,0,1,3.0,1,3,2,4,0,0,2,1,2,1,1,3,0,0,0,0,1,2,0,1
89,7,0,1,3.0,1,3,2,4,0,0,2,1,2,1,1,3,0,0,0,0,1,2,0,1
90,7,0,1,3.0,1,3,2,4,0,0,2,1,2,1,1,0,0,0,0,0,1,2,0,1
91,7,1,1,3.0,1,3,2,4,0,0,2,1,2,0,0,2,1,0,0,0,1,2,0,1
92,7,1,1,3.0,1,3,2,4,0,0,2,1,2,1,0,2,2,0,0,0,1,2,0,1
93,7,0,1,3.0,1,3,2,4,0,0,2,1,2,1,0,2,2,0,0,0,1,2,0,1
94,7,0,1,3.0,1,3,2,4,0,0,2,1,2,1,0,2,2,0,0,0,1,2,0,1
95,7,0,1,3.0,1,3,2,4,0,0,2,1,2,1,0,2,2,0,0,0,1,2,0,1
96,7,1,1,3.0,1,3,2,4,0,0,2,1,2,1,0,2,2,0,0,0,1,2,0,1
97,7,1,1,3.0,1,3,2,4,0,0,2,1,2,1,0,2,2,0,0,0,1,2,0,1
98,7,0,1,3.0,1,3,2,4,0,0,2,1,2,1,0,2,2,0,0,0,1,2,0,1
99,10,1,5,4.0,3,1,2,2,0,0,2,0,0,1,0,2,1,0,0,0,0,1,1,2
100,10,1,5,4.0,1,1,2,4,0,0,2,1,2,2,1,0,3,1,1,2,2,1,1,2
101,10,1,5,3.0,3,1,1,4,0,0,2,1,2,3,1,0,3,1,2,1,1,1,1,0
102,10,0,5,3.0,3,1,2,4,0,0,2,0,0,1,0,2,1,0,0,0,0,1,1,2
103,10,1,5,3.0,1,1,2,4,0,0,2,0,0,1,0,2,2,0,2,1,1,1,1,0
104,10,1,5,3.0,1,1,2,4,0,0,2,0,0,1,1,3,2,0,2,1,1,1,1,0
105,10,1,5,4.0,3,1,1,2,1,0,0,1,2,1,0,3,0,2,2,1,1,0,2,0
106,10,1,5,3.0,3,1,2,4,0,0,2,1,0,1,1,3,0,0,2,2,1,0,1,2
107,10,0,5,3.0,1,1,3,4,0,0,0,0,0,1,0,2,2,0,2,2,1,1,1,2
108,10,0,5,3.0,1,1,2,4,0,0,2,1,2,2,1,3,3,1,2,2,1,0,1,2
109,10,1,5,4.0,1,1,2,4,0,0,2,0,0,1,0,2,1,0,0,0,1,1,1,2
110,10,0,5,3.0,3,1,2,4,1,0,0,2,2,2,1,1,3,1,1,2,2,1,0,0
111,10,0,5,3.0,3,1,2,4,0,0,1,0,0,1,0,3,2,0,0,0,1,1,1,1
112,10,1,5,3.0,3,1,2,4,0,0,0,1,0,1,0,1,0,0,2,1,1,1,1,0
113,10,1,5,3.0,1,1,2,4,0,0,2,0,2,2,1,1,3,1,2,2,2,1,1,2
114,10,0,5,3.0,1,1,2,4,0,0,0,0,0,1,0,1,0,1,2,2,1,1,0,2
115,10,1,5,3.0,1,1,3,4,0,0,2,0,0,1,1,3,0,1,2,2,1,1,2,2
116,10,1,5,3.0,1,1,3,4,0,0,0,0,0,1,1,3,0,1,2,2,1,1,2,2
117,10,1,5,4.0,1,1,2,4,0,0,0,0,0,1,0,1,2,1,2,2,1,1,1,0
118,10,0,5,3.0,3,1,2,2,0,0,1,0,0,1,0,2,1,0,0,0,0,1,1,1
119,10,0,5,3.0,1,1,2,3,0,0,1,0,0,1,0,2,2,0,0,0,1,1,1,1
120,10,1,5,3.0,1,1,3,3,0,0,2,0,0,1,0,2,0,1,0,1,1,1,1,2
121,10,0,5,3.0,3,1,2,4,0,0,1,0,0,1,0,2,2,0,2,1,1,1,1,1
122,10,1,5,3.0,3,1,2,4,0,0,2,0,0,1,0,3,1,0,0,0,0,1,1,2
123,10,0,5,3.0,3,1,2,4,0,0,0,1,0,1,0,1,0,1,2,2,1,1,1,2
124,10,0,5,3.0,1,1,2,4,0,0,0,2,0,2,1,1,3,1,1,2,1,1,0,0
125,10,0,5,3.0,1,1,2,4,0,0,0,0,0,1,1,1,2,1,2,2,1,1,0,0
126,10,0,5,3.0,3,1,2,4,0,0,2,0,0,1,0,1,1,1,2,1,1,1,1,2
127,10,1,5,3.0,3,1,2,4,0,0,2,1,0,1,0,2,2,1,2,1,1,0,1,2
128,12,1,7,4.0,3,3,2,4,0,0,1,0,0,1,0,0,3,2,0,1,1,0,0,1
129,12,0,7,3.0,1,3,2,4,1,0,2,1,0,1,0,2,3,0,0,0,1,1,1,1
130,12,0,7,4.0,3,3,2,4,0,0,1,0,0,0,0,3,3,0,0,0,0,0,2,1
131,12,1,7,3.0,3,2,2,4,1,0,2,1,2,1,0,2,3,1,0,1,2,0,0,0
132,12,0,7,3.0,1,0,2,2,0,0,1,0,0,0,0,2,3,0,0,0,0,2,0,1
133,12,1,7,4.0,0,1,2,4,0,0,1,0,0,1,0,2,3,1,0,1,1,1,0,0
134,13,1,7,3.0,1,3,2,2,0,0,1,1,0,1,0,0,3,0,0,0,1,1,1,1
135,13,1,7,4.0,1,2,2,4,0,0,1,1,2,1,1,1,3,0,0,0,1,0,0,1
136,12,0,7,4.0,3,3,1,2,0,0,1,0,0,1,0,2,3,0,0,0,1,1,0,1
137,12,1,7,5.0,3,3,1,4,0,0,1,0,0,1,0,1,3,2,0,0,1,0,0,1
138,12,0,7,4.0,1,2,1,4,1,0,1,0,0,1,0,3,3,0,0,0,1,0,2,1
139,12,1,7,3.0,1,0,1,4,0,0,1,0,2,1,1,0,3,0,0,0,1,0,0,0
140,12,0,7,3.0,1,1,2,3,0,0,1,0,0,1,0,3,3,0,0,0,1,1,0,1
141,12,1,7,3.0,0,3,3,4,0,0,1,1,2,1,1,0,3,0,0,0,1,1,0,1
142,13,1,7,4.0,1,3,3,4,0,0,1,1,2,2,0,0,3,0,0,0,0,0,0,0
143,12,1,7,3.0,3,3,2,2,0,0,1,0,0,1,0,2,3,0,0,0,1,1,0,1
144,12,1,7,4.0,3,1,1,4,0,0,1,1,0,1,0,1,3,0,0,0,1,0,2,1
145,13,0,7,4.0,0,3,3,2,0,0,1,1,0,2,1,1,3,0,0,0,1,2,0,1
146,12,1,7,4.0,1,3,1,3,0,0,1,0,0,1,0,1,3,0,0,0,0,0,1,1
147,12,1,7,3.0,1,1,1,4,0,0,1,0,0,1,0,2,3,0,0,0,1,0,1,2
148,13,1,7,4.0,3,1,1,4,0,0,1,0,2,2,1,3,3,0,0,0,1,0,0,0
149,13,1,7,3.0,1,2,1,4,0,0,2,1,0,2,2,0,3,0,0,0,1,0,0,0
150,13,1,7,3.0,2,3,1,4,0,0,1,1,0,2,1,1,3,2,0,0,1,0,0,1
151,12,0,7,3.0,1,1,3,2,0,0,1,0,0,1,0,2,3,2,0,0,0,1,0,1
152,13,0,7,5.0,1,2,1,4,1,0,0,2,0,1,0,1,3,0,1,0,1,1,0,0
153,12,0,7,4.0,0,1,1,3,0,0,1,0,0,0,0,2,3,0,0,0,0,2,0,1
154,12,0,7,3.0,1,1,1,3,0,0,1,1,0,2,1,1,3,0,0,0,1,0,2,1
155,13,1,7,3.0,0,1,2,3,0,0,2,1,0,1,0,3,3,1,0,1,1,0,1,0
156,13,0,7,3.0,1,1,1,3,0,0,2,1,0,1,0,2,3,0,0,0,1,0,0,1
157,12,1,7,5.0,3,0,1,3,0,0,1,0,0,1,0,2,3,2,0,0,1,1,0,1
158,12,0,7,4.0,1,1,3,3,0,0,1,1,0,2,2,0,3,0,0,0,1,0,2,2
159,13,0,7,4.0,1,3,1,4,0,0,1,0,0,2,1,1,3,1,0,1,1,2,0,2
160,12,0,7,4.0,3,3,1,2,0,0,1,0,0,0,0,2,3,0,0,0,1,1,1,1
161,13,1,7,3.0,1,3,1,4,0,0,1,1,1,2,2,0,3,1,0,1,2,2,0,0
162,4,1,11,3.0,0,0,1,2,0,0,0,0,0,0,0,1,1,0,0,0,0,1,0,0
163,4,0,11,3.0,1,1,1,2,0,0,0,0,2,1,2,1,0,1,1,2,1,1,0,0
164,4,1,11,4.0,3,2,1,4,0,0,2,0,2,0,1,1,1,1,1,0,1,1,0,1
165,4,1,11,3.0,1,3,3,2,0,0,1,0,0,0,0,3,1,0,0,0,1,1,0,1
166,4,1,11,3.0,2,2,3,4,0,0,2,0,0,0,2,2,1,0,2,2,1,1,0,2
167,4,1,11,3.0,3,2,1,4,0,0,1,1,2,1,2,3,1,0,1,0,1,1,0,1
168,4,0,11,3.0,0,1,1,4,0,0,1,1,0,1,0,1,1,0,0,0,0,1,0,1
169,4,0,11,3.0,0,1,1,4,0,0,2,0,0,0,0,1,1,0,0,0,0,1,0,1
170,4,1,11,4.0,3,0,1,2,0,0,1,0,0,0,0,1,1,0,0,0,0,1,0,1
171,4,0,11,3.0,3,2,1,4,0,0,1,0,0,0,0,1,1,0,0,0,0,1,0,1
172,4,1,11,3.0,2,2,2,4,0,0,0,1,0,0,2,1,1,0,2,0,1,1,0,0
173,6,1,11,3.0,0,0,1,2,1,0,1,1,0,2,2,0,3,1,0,2,1,1,0,1
174,4,1,11,2.0,3,0,1,2,0,0,1,1,0,0,0,1,1,0,0,0,0,1,0,1
175,4,0,11,3.0,1,1,2,4,0,0,1,0,0,2,0,1,3,0,0,0,1,1,0,2
176,4,0,11,4.0,3,0,1,4,0,0,0,1,0,0,1,1,1,0,0,0,0,1,0,0
177,4,1,11,3.0,3,2,2,4,0,0,2,0,0,0,0,1,1,0,0,0,0,1,0,1
178,4,0,11,3.0,0,0,1,4,0,0,0,1,0,1,2,1,0,1,0,2,1,1,0,2
179,4,0,11,3.0,1,1,2,4,0,0,1,0,0,0,0,1,1,0,0,0,0,1,0,1
180,4,1,11,3.0,1,2,2,4,0,0,0,0,0,2,2,1,3,1,1,0,1,1,0,0
181,4,0,11,3.0,2,2,3,4,0,0,1,1,0,0,0,1,1,2,0,0,1,1,0,1
182,4,1,11,3.0,2,2,2,4,0,0,1,0,0,1,0,0,0,0,0,0,1,1,0,1
183,4,0,11,3.0,1,2,1,2,0,0,2,1,0,0,0,1,1,0,0,0,0,1,0,1
184,4,0,11,3.0,2,2,2,4,0,0,1,0,0,0,0,1,1,0,0,0,0,1,0,1
185,4,1,11,3.0,1,2,2,4,0,0,2,1,0,2,1,1,3,0,0,0,1,1,0,1
186,4,1,11,3.0,0,3,1,2,0,0,0,0,0,1,0,1,0,1,1,0,1,1,0,2
187,4,1,11,3.0,1,0,1,2,0,0,1,1,0,2,1,1,3,1,0,0,1,1,0,2
188,4,1,11,3.0,2,2,2,3,0,0,1,0,2,1,0,3,0,2,0,2,1,1,0,1
189,4,0,11,3.0,0,0,1,3,0,0,1,0,0,0,0,2,1,2,0,0,0,1,0,1
190,4,1,11,3.0,1,3,2,2,0,0,2,0,0,0,0,1,1,0,0,0,1,1,0,1
191,4,1,11,4.0,0,0,1,2,0,0,2,1,0,2,2,1,3,1,0,0,1,1,0,0
192,4,0,11,4.0,0,0,1,2,0,0,2,1,0,2,2,1,3,1,0,0,1,1,0,0
193,5,1,11,3.0,3,3,1,3,0,0,1,0,2,2,2,1,3,1,0,0,1,1,0,1
194,4,1,11,3.0,0,0,1,2,0,0,1,1,0,2,2,1,3,1,0,0,1,1,0,0
195,4,0,11,3.0,2,1,3,4,0,0,1,0,0,0,0,0,1,0,0,2,0,1,0,1
196,4,0,11,3.0,3,2,2,4,0,0,1,0,0,2,1,0,3,1,0,2,1,1,0,1
197,5,0,11,3.0,0,1,1,4,0,0,2,1,0,0,0,1,1,0,0,0,0,1,0,1
198,4,0,11,3.0,1,2,3,4,0,0,0,1,2,3,2,1,3,1,0,0,2,1,0,0
199,4,1,11,3.0,0,3,1,4,0,0,0,1,2,2,2,1,3,1,0,0,1,1,0,0
200,4,1,11,3.0,3,0,1,2,0,0,1,0,0,0,0,3,1,2,0,2,0,1,0,1
201,4,1,11,3.0,3,0,2,4,0,0,1,0,0,1,0,0,2,0,0,0,0,1,0,1
202,4,1,11,3.0,1,2,2,4,0,0,1,0,2,2,2,1,3,1,0,0,1,1,0,1
203,4,1,11,3.0,3,0,1,3,0,0,1,0,0,0,0,1,1,0,0,0,0,1,0,1
204,4,0,11,3.0,2,2,1,4,0,0,2,1,2,3,2,1,3,1,0,0,2,1,0,1
205,5,0,11,3.0,0,1,1,4,0,0,0,1,0,0,0,1,1,0,0,0,0,1,0,1
206,4,1,11,4.0,1,3,2,4,0,0,1,1,0,1,1,3,2,0,0,0,1,1,0,1
207,4,0,11,4.0,2,1,2,3,0,0,1,0,0,1,1,1,2,0,0,0,0,1,0,1
208,4,0,11,3.0,3,1,1,4,0,0,0,0,0,1,1,1,1,0,0,0,0,1,0,2
209,4,0,11,3.0,0,0,2,2,0,0,1,0,0,0,0,2,1,0,0,0,0,1,0,1
210,4,0,11,3.0,1,2,2,4,0,0,1,0,0,0,1,1,1,0,0,0,1,1,0,1
211,4,0,11,4.0,1,1,2,4,0,0,2,1,2,3,2,1,3,1,0,0,2,1,0,1
212,5,0,11,3.0,1,2,1,4,0,0,1,0,0,1,1,0,2,0,0,2,1,1,0,1
213,4,0,11,4.0,1,2,2,1,0,0,2,2,1,3,2,1,3,1,0,2,2,1,0,1
214,4,1,11,3.0,3,0,1,4,0,0,0,0,0,0,0,1,1,0,0,0,1,1,0,1
215,4,0,11,3.0,2,2,2,4,0,0,2,1,2,2,2,1,3,1,0,0,1,1,0,1
216,9,0,4,3.0,3,1,2,4,0,0,2,0,0,0,0,2,1,0,0,0,1,1,0,2
217,9,0,4,4.0,1,1,2,4,0,0,2,0,0,1,1,1,0,1,0,1,1,1,0,0
218,9,1,4,3.0,3,1,2,4,0,0,2,0,0,0,0,2,1,0,0,0,1,1,0,0
219,9,1,4,4.0,1,1,2,4,0,0,1,1,1,3,2,0,3,1,1,2,2,1,0,1
220,9,0,4,4.0,1,1,2,4,0,0,2,1,0,1,1,1,2,1,0,1,1,1,0,0
221,9,0,4,4.0,1,1,2,4,0,0,2,2,0,2,1,1,3,1,0,1,1,0,0,0
222,9,1,4,4.0,1,1,2,4,0,0,2,0,0,0,0,2,1,0,0,0,0,2,0,0
223,9,0,4,3.0,1,1,2,4,0,0,2,1,0,2,1,3,3,1,0,1,1,1,0,0
224,9,1,4,4.0,3,1,2,4,0,0,2,1,0,1,0,1,2,0,0,0,1,1,0,0
225,9,1,4,3.0,1,1,2,4,0,0,2,2,0,2,1,1,3,1,2,1,1,1,0,0
226,9,0,4,4.0,1,1,2,4,0,0,2,0,2,2,2,1,3,1,0,2,2,1,0,0
227,9,0,4,3.0,1,1,2,4,0,0,2,2,0,2,1,1,3,1,2,1,1,1,0,0
228,9,1,4,4.0,3,3,2,4,0,0,1,0,0,1,0,2,1,0,0,0,1,1,0,0
229,9,1,4,3.0,1,1,2,4,0,0,1,0,0,1,0,2,1,0,0,0,1,1,0,0
230,9,1,4,3.0,1,1,2,4,0,0,2,0,0,1,0,2,2,0,0,0,1,1,0,0
231,9,0,4,4.0,3,1,2,4,0,0,2,1,0,1,0,1,2,0,0,0,1,1,0,2
232,9,0,4,4.0,3,1,2,4,0,0,2,1,0,1,0,1,2,0,2,0,1,1,0,2
233,9,1,4,4.0,1,1,1,4,0,0,2,1,0,1,1,3,0,0,0,1,1,1,0,0
234,9,1,4,4.0,3,3,3,4,0,0,1,1,0,1,0,2,2,0,0,0,1,1,0,1
235,9,1,4,5.0,1,1,3,4,0,0,2,1,0,1,0,3,2,0,0,0,1,1,0,0
236,9,0,4,3.0,1,1,2,4,0,0,2,1,0,2,1,1,3,1,2,1,1,1,0,0
237,9,0,4,4.0,3,3,2,4,0,0,2,0,0,1,0,2,1,0,0,0,1,2,0,1
238,9,0,4,3.0,3,1,2,4,0,0,2,0,0,1,1,1,2,1,0,1,1,1,0,0
239,9,0,4,4.0,1,1,2,4,0,0,2,0,0,0,0,2,1,0,0,0,0,2,0,0
240,9,1,4,4.0,1,1,2,4,0,0,2,0,0,1,1,1,2,0,0,1,1,1,0,0
241,9,1,4,4.0,3,3,2,4,0,0,2,1,0,1,1,3,0,0,0,1,1,1,0,0
242,9,1,4,3.0,1,1,2,4,0,0,2,1,0,1,1,1,0,0,0,1,1,1,0,0
243,9,0,4,3.0,1,1,2,4,0,0,2,0,0,1,0,2,1,0,0,0,1,1,0,1
244,9,0,4,3.0,1,1,2,4,0,0,2,1,2,3,2,1,3,1,1,2,2,1,0,2
245,9,0,4,5.0,3,3,2,4,0,0,2,1,0,1,0,2,1,0,0,0,1,2,0,2
246,9,1,4,4.0,3,1,2,4,0,0,2,0,0,1,1,0,2,1,1,1,1,2,0,0
247,9,1,4,4.0,1,1,2,4,0,0,2,0,2,2,1,1,3,0,0,1,1,1,0,0
248,9,1,4,3.0,1,1,2,4,0,0,2,1,0,3,2,1,3,1,2,2,2,1,0,0
249,9,1,4,4.0,3,1,2,4,0,0,1,0,0,2,1,3,3,0,0,1,1,1,0,1
250,9,1,4,3.0,3,1,2,4,0,0,1,0,0,0,0,3,1,0,0,0,0,2,0,0
251,9,1,4,7.0,1,1,2,4,0,0,2,0,0,1,1,1,2,1,0,1,1,1,0,0
252,9,1,4,3.0,1,1,2,4,0,0,2,0,0,1,1,1,2,0,0,1,1,1,0,0
253,9,1,4,3.0,1,1,2,4,0,0,2,0,0,2,1,1,3,1,0,1,1,1,0,0
254,9,0,4,3.0,1,1,2,4,0,0,2,0,0,2,1,1,3,1,0,1,1,1,0,0
255,9,0,4,5.0,3,3,2,4,0,0,2,0,0,1,0,3,1,0,0,0,0,2,0,0
256,9,0,4,5.0,1,1,2,4,0,0,2,0,0,1,1,1,0,0,0,1,1,1,0,0
257,9,0,4,6.0,3,1,2,4,0,0,2,0,0,0,0,2,1,0,0,0,0,2,0,0
258,9,1,4,3.0,3,1,2,4,0,0,2,0,0,1,0,2,1,0,0,0,1,2,0,0
259,4,0,11,4.0,3,1,2,4,0,0,1,0,0,1,0,2,1,0,0,0,1,1,0,2
260,4,1,11,6.0,1,1,2,4,0,0,1,0,0,2,1,1,3,1,2,1,1,1,0,0
261,5,1,11,4.0,3,1,2,4,0,0,2,1,0,3,2,0,3,1,2,1,2,1,0,0
262,5,0,11,4.0,3,3,2,4,0,0,1,0,0,0,0,2,1,0,0,0,1,1,0,2
263,4,1,11,4.0,1,1,2,4,0,0,1,0,0,2,1,1,3,1,2,1,1,1,0,2
264,4,0,11,3.0,1,1,2,3,0,0,2,1,0,3,2,0,3,1,1,2,2,1,0,0
265,4,1,11,3.0,1,1,2,4,0,0,1,1,0,1,1,1,1,1,1,1,1,1,0,2
266,4,1,11,5.0,3,3,1,2,0,0,1,0,0,1,0,1,1,1,2,1,1,1,0,2
267,4,1,11,5.0,1,1,2,4,0,0,1,0,0,0,0,2,1,0,0,0,1,1,0,2
268,4,1,11,5.0,1,1,1,4,0,0,2,2,0,0,1,3,1,2,2,1,1,1,0,2
269,4,0,11,3.0,1,1,2,4,0,0,1,0,0,2,0,2,3,1,0,0,2,1,0,2
270,4,1,11,3.0,1,1,2,4,0,0,1,0,0,0,0,2,1,0,2,2,0,1,0,2
271,4,1,11,3.0,1,3,2,3,0,0,1,1,0,0,0,2,1,0,0,0,0,1,0,2
272,4,0,11,3.0,1,1,2,4,0,0,1,1,0,2,1,1,3,1,1,1,2,1,0,2
273,4,1,11,3.0,1,1,1,2,0,0,2,0,0,3,2,0,3,1,1,0,2,1,0,2
274,4,1,11,5.0,3,3,2,3,0,0,1,0,0,0,0,2,1,0,0,0,0,1,0,2
275,4,0,11,3.0,1,1,2,2,0,0,1,0,0,0,0,3,1,0,0,0,0,1,0,1
276,4,1,11,4.0,1,1,2,4,0,0,2,1,0,2,1,3,3,1,2,0,1,1,0,2
277,4,1,11,3.0,1,1,2,4,0,0,1,1,0,2,1,1,3,1,2,1,2,1,0,2
278,4,0,11,3.0,3,1,2,3,0,0,1,0,0,0,0,3,1,2,0,0,0,1,0,1
279,4,0,11,3.0,3,3,2,2,0,0,1,0,0,0,0,2,1,0,0,0,0,1,0,1
280,4,1,11,3.0,1,1,2,4,0,0,2,1,0,3,1,0,3,1,1,1,2,1,0,2
281,4,0,11,4.0,1,3,2,3,0,0,1,0,0,1,0,3,2,0,0,0,1,1,0,1
282,4,1,11,3.0,1,3,1,2,0,0,1,0,0,0,0,2,1,0,0,0,0,1,0,2
283,4,1,11,4.0,3,3,2,4,0,0,1,1,0,0,0,2,1,0,0,0,1,1,0,2
284,4,0,11,3.0,1,1,2,4,0,0,1,0,0,1,0,2,0,0,0,0,1,1,0,2
285,4,0,11,3.0,1,1,2,3,0,0,1,0,0,0,0,2,1,0,0,0,1,1,0,2
286,4,0,11,5.0,3,3,1,3,0,0,1,0,0,0,0,2,1,0,0,0,0,1,0,2
287,4,1,11,3.0,1,1,1,4,0,0,1,0,0,0,0,2,1,0,0,0,1,1,0,2
288,4,0,11,3.0,1,1,2,4,0,0,1,1,0,0,0,2,1,0,0,0,1,1,0,2
289,4,0,11,6.0,1,1,2,4,0,0,1,0,0,0,0,2,1,0,0,0,1,1,0,2
290,4,0,11,3.0,1,1,2,4,0,0,1,0,0,2,0,2,3,1,0,0,1,1,0,2
291,4,1,11,3.0,1,1,2,4,0,0,1,1,0,1,0,2,0,1,0,0,1,1,0,2
292,4,1,11,5.0,1,2,2,4,0,0,1,0,0,1,0,2,0,1,0,1,1,1,0,2
293,4,1,11,3.0,2,2,2,4,0,0,1,1,0,3,2,0,3,1,2,1,2,1,0,0
294,4,0,11,3.0,1,1,2,4,0,0,1,2,0,3,2,0,3,1,2,1,2,1,0,2
295,4,1,11,3.0,2,1,2,4,0,0,1,1,0,2,1,1,3,1,0,1,2,1,0,2
296,4,1,11,3.0,3,1,2,4,0,0,1,1,0,1,0,2,2,0,0,1,1,1,0,2
297,4,1,11,4.0,3,3,2,2,0,0,1,0,0,1,0,2,1,1,0,1,1,1,0,0
298,4,1,11,3.0,1,1,2,4,0,0,1,1,0,1,0,2,1,1,0,1,1,1,0,0
299,4,0,11,3.0,3,1,2,4,0,0,1,0,0,0,0,2,1,0,0,0,0,1,0,2
300,4,1,11,3.0,3,1,2,4,0,0,1,0,0,0,0,2,1,0,0,0,0,1,0,2
301,4,0,11,4.0,1,1,2,4,0,0,1,1,0,2,1,1,3,1,0,0,2,1,0,2
302,4,0,11,6.0,3,1,2,4,0,0,1,1,0,2,1,0,3,1,0,0,1,1,0,2
303,4,1,11,4.0,1,1,2,4,0,0,1,1,0,1,1,0,0,0,0,0,1,1,0,0
304,4,1,11,3.0,3,1,1,4,0,0,1,1,0,1,0,0,2,0,0,0,1,1,0,2
305,4,1,11,3.0,3,3,2,3,0,0,1,0,0,1,0,1,2,0,0,1,0,1,0,2
306,4,0,11,4.0,1,1,2,3,0,0,1,1,0,2,0,0,3,1,0,0,1,1,0,2
307,4,1,11,4.0,1,1,2,4,0,0,1,0,0,0,0,1,1,0,0,1,0,1,0,2
308,4,1,11,4.0,1,1,2,4,0,0,1,1,0,0,0,1,1,0,2,1,1,1,0,0
309,4,1,11,3.0,3,1,2,4,0,0,1,0,0,0,0,1,1,0,0,0,1,1,0,0
310,4,0,11,4.0,1,1,2,3,0,0,1,2,0,2,1,0,3,1,0,1,1,1,0,2
311,4,0,11,3.0,3,1,2,4,0,0,1,1,0,2,1,0,3,0,0,1,1,1,0,2
312,4,1,11,3.0,1,1,2,4,1,0,1,0,2,3,2,3,3,1,2,1,2,1,0,0
313,6,0,0,3.0,0,2,2,4,0,0,2,1,0,0,0,2,1,0,0,0,0,1,0,1
314,6,0,0,4.0,3,0,3,3,0,0,2,2,0,0,0,2,1,0,0,0,1,1,0,2
315,6,0,0,5.0,0,1,1,2,0,0,0,1,0,0,0,2,1,0,0,0,0,1,0,1
316,6,1,0,4.0,0,3,2,3,0,0,1,0,0,1,0,2,1,0,0,0,0,1,0,1
317,6,1,0,5.0,0,3,2,4,0,0,2,1,0,0,1,2,1,1,0,0,1,1,0,1
318,6,1,0,3.0,0,1,1,3,0,0,1,1,0,1,0,2,2,2,2,0,1,1,0,1
319,6,0,0,4.0,3,0,3,3,0,0,2,2,2,0,0,2,1,0,0,0,1,1,0,1
320,6,1,0,4.0,3,1,1,3,0,0,2,1,0,0,0,2,1,0,0,0,1,1,0,1
321,6,0,0,5.0,1,1,2,3,0,0,2,1,0,0,0,2,1,0,0,0,1,1,0,1
322,6,0,0,5.0,2,2,1,3,0,0,2,1,0,1,1,0,1,0,0,0,0,1,0,1
323,6,1,0,5.0,0,1,2,3,0,0,2,0,0,1,0,2,1,0,0,0,0,1,0,1
324,6,1,0,5.0,1,1,2,3,0,0,2,1,0,1,1,2,1,1,0,0,1,1,0,2
325,6,1,0,4.0,3,1,2,3,1,0,2,1,0,0,0,2,1,2,0,0,1,1,0,2
326,6,0,0,4.0,3,1,2,3,0,0,2,1,0,1,1,2,2,0,2,0,1,1,0,2
327,6,0,0,4.0,3,1,2,3,0,0,2,1,0,1,0,2,2,1,0,1,0,1,0,2
328,6,1,0,3.0,3,1,2,3,0,0,2,1,0,0,0,2,1,0,0,0,1,1,0,2
329,6,1,0,3.0,3,1,2,3,0,0,2,2,0,0,0,2,1,0,2,0,1,1,0,2
330,6,1,0,3.0,3,1,2,3,0,0,2,0,0,0,0,2,1,2,2,0,0,1,0,1
331,6,0,0,3.0,3,1,2,3,0,0,2,0,0,0,0,2,1,2,0,0,1,1,0,1
332,6,0,0,3.0,3,1,2,3,0,0,2,0,0,0,0,2,1,0,0,0,0,1,0,1
333,6,1,0,3.0,3,1,2,3,0,0,2,1,0,1,0,2,1,0,0,0,0,1,0,1
334,6,0,0,3.0,3,1,2,3,0,0,2,1,0,1,0,2,1,0,0,1,0,1,0,1
335,6,0,0,3.0,3,1,2,3,0,0,2,1,2,1,0,2,1,1,0,0,0,1,0,1
336,6,0,0,3.0,3,1,2,3,0,0,2,1,2,1,1,2,1,1,0,1,1,1,0,1
337,6,0,0,3.0,3,1,2,3,0,0,2,1,0,1,0,0,1,0,0,1,1,1,0,1
338,6,1,0,3.0,3,1,2,3,0,0,2,1,0,1,1,2,1,0,0,0,1,1,0,1
339,6,1,0,3.0,3,1,2,3,0,0,2,1,0,1,0,2,2,0,0,0,0,1,0,1
340,6,0,0,3.0,3,1,2,3,0,0,2,1,0,1,0,2,2,0,0,0,0,1,0,1
341,6,0,0,3.0,3,1,2,3,0,0,2,1,0,0,0,2,1,0,0,1,0,1,0,1
342,6,1,0,3.0,3,1,3,3,0,0,2,1,0,0,0,2,1,1,0,1,1,1,0,1
343,6,1,0,3.0,3,1,1,3,0,0,2,1,0,0,0,2,1,0,0,1,1,1,0,1
344,6,1,0,3.0,1,1,1,3,0,0,2,1,0,0,0,2,1,0,0,0,1,1,0,2
345,6,0,0,3.0,1,1,1,2,0,0,2,1,0,0,0,2,1,0,0,0,1,1,0,1
346,6,1,0,3.0,1,1,1,2,0,0,2,0,0,0,0,2,1,0,2,0,1,1,0,1
347,6,1,0,3.0,1,1,1,2,0,0,2,0,0,0,0,2,1,0,1,0,1,1,0,2
348,6,1,0,3.0,1,0,1,2,0,0,1,1,0,0,0,2,1,2,2,0,1,1,0,2
349,6,1,0,3.0,1,2,1,2,0,0,0,2,0,0,0,2,1,0,0,0,0,1,0,2
350,6,0,0,3.0,1,2,1,3,0,0,1,1,0,0,0,2,1,1,0,0,0,1,0,1
351,6,1,0,3.0,1,2,1,3,0,0,1,1,0,1,0,2,1,0,0,0,0,1,0,1
352,6,1,0,3.0,1,2,1,3,0,0,1,1,0,1,1,2,1,1,0,0,1,1,0,1
353,6,0,0,3.0,1,2,1,3,0,0,1,1,0,1,0,2,1,1,1,0,1,1,0,1
354,6,0,0,3.0,1,2,1,3,0,0,1,1,0,1,0,2,1,0,0,0,0,1,0,2
355,6,0,0,3.0,1,2,1,3,0,0,1,1,0,1,0,0,1,0,0,0,0,1,0,2
356,6,1,0,3.0,1,2,1,3,0,0,1,1,0,0,0,2,1,0,0,0,0,1,0,2
357,6,1,0,3.0,1,2,1,3,0,0,1,1,0,0,0,2,1,0,0,1,0,1,0,2
358,6,0,0,3.0,1,2,1,3,0,0,1,1,0,0,1,2,1,1,1,1,1,1,0,1
359,5,0,0,3.0,1,1,2,3,0,0,2,2,2,2,2,1,3,1,2,2,2,1,0,1
360,5,0,0,4.0,1,1,2,3,1,0,0,2,0,3,2,3,3,1,1,2,2,1,0,1
361,5,0,0,3.0,2,2,1,3,0,0,1,2,0,2,1,2,3,0,0,1,1,1,0,1
362,5,1,0,3.0,1,2,3,3,0,0,1,2,0,1,0,1,0,0,2,0,1,1,0,1
363,5,0,0,3.0,3,1,1,2,0,0,2,2,0,1,0,2,0,1,0,0,1,1,0,1
364,5,0,0,3.0,1,1,2,2,0,0,0,1,2,1,1,2,0,0,0,1,1,1,0,1
365,5,1,0,3.0,3,3,1,2,0,0,1,1,2,0,0,1,1,0,0,1,1,1,0,1
366,5,1,0,4.0,3,3,3,3,1,0,1,1,0,1,0,0,1,1,1,2,2,1,0,1
367,5,1,0,4.0,3,3,3,4,0,0,2,2,0,1,0,2,0,0,0,0,1,1,0,1
368,5,0,0,3.0,1,2,2,3,0,0,1,2,0,2,1,2,3,0,0,1,1,1,0,1
369,5,0,0,3.0,3,1,2,3,0,0,1,2,0,1,0,1,0,0,0,1,1,1,0,1
370,5,1,0,3.0,1,1,2,3,0,0,2,2,2,1,1,0,1,1,0,2,2,1,0,1
371,5,1,0,4.0,3,3,2,3,0,0,2,1,0,0,1,0,1,2,0,0,1,1,0,1
372,5,1,0,3.0,1,2,2,3,0,0,1,1,0,1,0,1,2,0,2,0,1,1,0,1
373,5,1,0,4.0,3,1,1,4,0,0,1,2,0,1,0,2,0,0,0,0,0,1,0,1
374,5,1,0,3.0,1,1,2,3,0,0,1,2,0,1,1,2,2,0,0,0,0,1,0,1
375,5,0,0,3.0,3,1,1,3,0,0,1,1,0,1,0,2,2,0,0,0,0,1,0,1
376,5,1,0,3.0,1,1,2,3,0,0,1,2,0,1,0,1,0,1,1,1,1,1,0,1
377,5,1,0,3.0,3,3,2,3,0,0,2,1,0,2,0,2,3,0,0,1,2,1,0,1
378,5,1,0,3.0,1,1,2,4,0,0,2,2,0,2,0,2,3,0,0,1,1,1,0,1
379,5,0,0,3.0,3,1,1,3,0,0,2,1,2,0,1,0,1,2,0,1,0,1,0,1
380,5,1,0,3.0,3,3,3,4,0,0,1,1,2,1,1,1,0,1,0,1,0,1,0,1
381,5,0,0,3.0,3,3,2,3,0,0,1,1,0,1,1,2,2,0,0,0,1,1,0,1
382,5,1,0,4.0,1,1,1,2,0,0,2,1,0,1,0,2,2,0,2,0,1,1,0,1
383,5,1,0,3.0,1,1,3,4,0,0,2,2,0,2,0,2,3,0,0,1,1,1,0,1
384,5,1,0,4.0,3,1,3,3,0,0,1,2,0,1,0,0,0,0,0,1,0,1,0,1
385,5,1,0,3.0,3,3,2,3,0,0,1,2,0,2,0,1,3,1,0,0,0,1,0,1
386,5,1,0,3.0,1,1,1,2,0,0,1,2,0,1,0,1,1,2,0,0,0,1,0,1
387,5,1,0,3.0,3,1,2,4,0,0,2,0,0,1,0,2,2,1,0,1,0,1,0,1
388,5,1,0,3.0,3,1,1,2,0,0,0,1,0,1,0,2,0,1,0,0,2,1,0,1
389,5,1,0,3.0,1,1,2,3,0,0,2,1,0,0,0,2,1,0,0,1,2,1,0,1
390,5,1,0,3.0,3,3,2,3,0,0,2,1,0,1,0,0,1,0,0,1,1,1,0,1
391,5,0,0,3.0,1,1,2,3,0,0,1,1,0,0,0,2,1,0,1,0,1,1,0,1
392,5,0,0,3.0,3,3,2,3,0,0,1,1,0,1,0,1,0,0,1,0,0,1,0,1
393,5,0,0,3.0,1,1,1,2,0,0,1,2,2,1,0,1,1,0,0,0,1,1,0,1
394,5,0,0,3.0,1,1,3,4,0,0,1,2,2,1,0,2,2,2,0,0,1,1,0,1
395,5,0,0,3.0,3,3,2,3,0,0,2,2,0,1,0,2,2,0,0,1,1,1,0,1
396,5,0,0,3.0,1,1,1,3,0,0,2,2,0,2,0,2,3,0,1,0,1,1,0,1
397,5,1,0,3.0,3,1,3,3,0,0,1,2,0,2,0,2,3,0,2,1,2,1,0,1
398,5,1,0,3.0,3,1,2,3,0,0,1,1,0,1,0,1,0,1,0,1,1,1,0,1
399,5,1,0,3.0,3,1,1,2,0,0,1,1,0,2,0,0,3,1,0,0,1,1,0,1
400,5,1,0,3.0,3,3,1,2,0,0,2,2,0,1,0,0,0,2,0,0,0,1,0,1
401,5,0,0,3.0,1,1,2,3,0,0,2,1,0,1,0,3,0,0,0,0,1,1,0,1
402,5,0,0,3.0,3,1,2,3,0,0,1,2,2,1,0,2,1,1,0,2,1,1,0,1
403,5,1,0,4.0,1,1,2,3,0,0,1,1,0,1,0,2,0,0,0,0,2,1,0,1
404,5,0,0,3.0,3,3,1,2,0,0,1,1,2,2,0,2,3,0,1,2,1,1,0,1
405,5,0,0,4.0,1,1,2,3,0,0,1,1,2,1,0,1,2,0,0,1,1,1,0,1
406,5,1,0,4.0,3,3,3,4,0,0,1,2,0,2,0,2,3,0,0,1,0,1,0,1
407,15,0,9,4.0,1,1,1,4,0,0,1,0,0,0,0,2,3,0,0,0,0,1,1,1
408,14,1,9,4.0,1,1,3,4,0,0,1,1,0,1,1,0,3,2,0,0,0,0,2,1
409,15,0,9,3.0,1,1,1,4,0,0,1,1,0,1,0,2,3,0,0,0,1,1,1,1
410,14,0,9,3.0,1,1,3,4,0,0,1,1,0,1,1,2,3,0,0,0,1,1,1,1
411,15,1,9,4.0,1,1,1,4,0,0,1,1,0,1,0,1,3,1,0,1,1,2,0,1
412,14,0,9,3.0,1,1,3,4,0,0,1,0,0,0,0,2,3,0,0,0,0,1,1,1
413,15,1,9,4.0,1,1,1,4,0,0,1,0,0,1,1,3,3,2,0,0,0,1,1,1
414,15,1,9,3.0,1,1,2,4,0,0,1,1,2,1,2,3,3,2,0,0,1,1,1,2
415,14,1,9,3.0,1,1,1,4,0,0,2,1,0,1,0,1,3,1,1,1,1,1,1,0
416,15,1,9,4.0,1,1,3,4,0,0,1,1,2,1,1,1,3,0,0,1,1,1,1,1
417,15,0,9,3.0,1,1,2,4,0,0,1,0,0,1,0,1,3,0,0,0,1,1,1,1
418,15,1,9,4.0,1,1,1,4,0,0,1,1,2,1,1,2,3,0,0,0,1,1,1,1
419,14,1,9,3.0,1,1,2,4,0,0,1,1,2,2,2,3,3,0,0,0,1,1,1,1
420,10,0,4,3.0,1,1,3,3,0,0,2,1,2,1,1,1,2,1,0,0,1,2,0,2
421,10,1,4,3.0,1,1,2,4,0,0,0,0,0,0,0,2,1,0,0,0,1,1,0,0
422,10,0,4,3.0,1,1,2,4,0,0,2,0,0,1,1,1,2,0,0,0,1,1,0,2
423,9,0,4,3.0,1,1,2,4,0,0,2,0,0,2,1,1,3,0,0,0,1,1,0,2
424,9,0,4,3.0,1,1,2,4,0,0,1,1,0,1,1,2,3,0,0,0,1,1,0,2
425,9,0,4,3.0,1,1,2,4,0,0,1,2,0,2,0,2,3,0,0,0,1,1,0,2
426,9,0,4,3.0,1,1,2,4,0,0,0,1,0,1,0,1,1,0,0,0,1,1,0,2
427,9,1,4,3.0,1,1,2,4,0,0,1,1,1,1,0,1,0,0,0,1,1,1,0,2
428,9,0,4,3.0,1,1,2,4,0,0,2,1,2,1,0,1,1,0,0,0,1,2,0,2
429,9,0,4,3.0,1,1,2,4,0,0,2,2,0,2,0,1,3,0,0,0,1,1,0,2
430,9,0,4,3.0,3,1,2,4,0,0,2,2,0,2,0,1,3,0,0,0,1,1,0,2
431,9,1,4,3.0,3,1,2,4,0,0,2,1,0,2,2,1,3,0,0,0,1,1,0,2
432,9,0,4,3.0,0,1,2,4,0,0,2,1,0,0,0,1,1,0,0,0,1,1,0,2
433,9,1,4,3.0,1,1,2,4,0,0,2,1,0,2,0,1,3,0,0,0,1,1,0,2
434,9,1,4,4.0,3,1,3,3,0,0,2,1,0,1,0,2,1,0,0,1,1,1,0,2
435,9,1,4,3.0,3,0,2,3,0,0,2,1,0,2,0,2,3,0,0,0,1,2,0,2
436,9,0,4,3.0,3,1,1,3,0,0,0,0,0,2,0,2,3,0,0,0,1,1,0,2
437,9,0,4,4.0,3,1,2,3,0,0,1,0,0,1,0,2,2,0,0,0,1,2,0,2
438,9,0,4,3.0,3,1,1,3,0,0,2,1,0,2,0,2,3,0,0,0,1,1,0,2
439,9,0,4,3.0,3,1,3,3,0,0,0,0,0,2,0,2,3,1,0,0,1,1,0,2
440,9,1,4,4.0,3,1,3,3,0,0,1,0,0,1,0,2,2,0,0,0,1,1,0,1
441,9,0,4,4.0,3,1,3,3,0,0,1,1,0,1,0,2,2,0,0,0,1,1,0,1
442,10,1,4,3.0,3,1,3,3,0,0,1,2,0,1,0,0,2,0,0,0,1,1,0,1
443,9,1,4,3.0,3,0,3,3,0,0,1,2,0,2,0,1,3,0,0,0,1,1,0,1
444,9,1,4,3.0,3,3,3,3,0,0,1,0,0,2,0,2,3,0,0,1,1,1,0,1
445,9,1,4,3.0,3,0,3,3,0,0,1,0,0,1,1,2,1,0,0,0,1,1,0,1
446,9,0,4,3.0,3,1,2,3,0,0,1,1,0,1,0,2,2,0,0,0,1,1,0,0
447,9,0,4,3.0,3,1,1,3,0,0,1,1,0,1,0,2,0,0,0,0,1,1,0,1
448,9,1,4,3.0,3,1,1,2,0,0,1,1,0,2,0,2,3,0,0,0,1,2,0,1
449,9,1,4,3.0,3,3,1,3,0,0,1,1,0,1,0,2,1,0,0,0,1,1,0,1
450,9,1,4,3.0,1,1,3,2,0,0,2,1,0,2,0,2,3,0,0,0,1,1,0,1
451,9,0,4,3.0,1,1,2,4,0,0,2,0,0,1,0,2,0,0,0,0,1,1,0,2
452,9,1,4,3.0,1,1,2,4,0,0,2,0,0,1,0,2,1,0,0,0,1,1,0,2
453,9,0,4,3.0,1,1,2,4,0,0,2,0,0,0,0,1,1,0,0,0,1,1,0,2
454,9,0,4,3.0,1,1,2,4,0,0,2,1,0,2,0,1,3,0,0,0,1,1,0,2
455,9,1,4,3.0,1,1,2,4,0,0,2,0,0,2,0,1,3,0,0,0,1,1,0,2
456,9,1,4,3.0,1,1,2,4,0,0,2,2,0,2,0,1,3,0,0,0,1,1,0,2
457,9,1,4,3.0,1,1,2,4,0,0,2,1,0,1,0,1,2,0,0,0,1,2,0,2
458,9,0,4,3.0,1,1,2,4,0,0,2,1,0,2,0,1,3,0,0,0,1,1,0,0
459,9,0,4,3.0,1,1,2,4,0,0,2,0,0,1,0,2,1,0,0,0,1,1,0,2
460,9,1,4,3.0,1,0,2,3,0,0,2,1,0,1,0,2,0,0,0,0,1,1,0,2
461,9,1,4,4.0,0,1,2,3,0,0,2,1,0,1,0,2,1,0,0,0,1,1,0,2
462,9,0,4,4.0,1,1,2,3,0,0,2,0,0,1,0,2,2,0,0,0,1,1,0,2
463,6,1,1,3.0,1,1,2,4,0,0,2,1,0,1,0,1,2,1,1,1,1,2,0,2
464,6,1,1,4.0,1,1,2,4,0,0,1,1,0,1,0,2,1,0,0,0,1,1,0,1
465,6,1,1,4.0,1,1,2,4,1,0,2,1,2,2,2,0,3,1,0,2,2,1,0,0
466,6,0,1,5.0,1,1,2,4,0,0,1,1,0,1,1,1,0,0,0,1,1,1,0,1
467,6,0,1,4.0,3,3,2,4,0,0,1,0,0,0,0,2,1,0,0,0,0,1,0,1
468,7,0,1,4.0,2,2,2,4,0,0,2,1,2,2,2,1,3,1,0,1,2,1,0,1
469,6,1,1,3.0,1,1,2,3,0,0,2,2,1,3,2,0,3,1,0,1,2,1,0,1
470,7,1,1,4.0,3,3,2,4,0,0,2,1,0,0,0,2,1,0,0,0,0,1,0,1
471,6,1,1,3.0,3,3,2,4,0,0,1,0,0,0,0,2,1,0,0,0,0,1,0,1
472,6,1,1,3.0,1,1,2,4,0,0,2,1,0,1,1,1,0,1,2,2,1,1,0,1
473,7,0,1,6.0,3,3,2,3,0,0,1,0,0,1,0,2,1,0,0,0,1,1,0,1
474,6,1,1,4.0,1,1,2,4,0,0,1,1,0,1,0,2,0,0,0,0,1,1,0,1
475,7,0,1,3.0,3,3,2,4,0,0,1,1,0,2,1,1,3,1,2,1,1,2,0,1
476,7,1,1,3.0,1,1,2,4,0,0,1,0,0,2,1,1,3,0,0,0,1,1,0,1
477,6,1,1,4.0,2,2,2,4,0,0,2,1,2,2,1,1,3,1,2,1,2,2,0,1
478,6,1,1,3.0,1,1,2,4,0,0,1,0,0,1,0,1,2,0,0,0,1,1,0,1
479,7,0,1,4.0,1,1,2,4,0,0,2,2,2,2,1,3,3,0,0,0,1,1,0,1
480,7,1,1,3.0,2,2,2,4,0,0,1,1,0,1,0,1,1,1,0,0,1,1,0,1
481,6,1,1,5.0,0,0,2,4,0,0,1,1,0,3,2,1,3,0,0,1,2,0,0,1
482,6,0,1,4.0,2,2,2,4,0,0,2,1,2,3,2,1,3,1,0,1,2,0,0,1
483,5,0,1,3.0,2,2,2,4,0,0,1,1,0,1,0,2,1,0,0,0,1,1,0,1
484,6,0,1,4.0,2,2,2,4,0,0,2,0,0,2,1,0,3,1,2,2,1,1,0,1
485,7,0,1,3.0,1,1,3,4,0,0,2,1,0,2,1,1,3,0,2,0,1,1,0,1
486,6,1,1,5.0,1,1,2,4,0,0,2,2,0,2,1,2,3,1,2,1,1,1,0,1
487,6,1,1,4.0,3,3,2,2,0,0,1,1,0,1,0,1,2,0,0,1,0,1,0,1
488,6,0,1,3.0,1,1,2,4,0,0,1,0,0,0,0,3,1,0,0,0,0,0,0,1
489,6,1,1,5.0,1,1,3,4,0,0,1,1,0,2,0,2,3,0,0,0,0,1,0,1
490,6,0,1,3.0,2,2,2,4,0,0,1,0,0,3,0,2,3,1,2,1,1,1,0,1
491,7,0,1,4.0,2,2,2,4,0,0,2,1,2,0,1,1,1,0,0,0,2,0,0,1
492,7,1,1,3.0,2,2,2,4,0,0,2,1,1,0,0,2,1,0,0,0,2,0,0,1
493,6,1,1,4.0,2,2,2,4,0,0,1,0,0,1,0,2,0,0,0,0,2,0,0,1
494,6,0,1,5.0,1,1,2,4,0,0,1,1,0,1,1,1,1,0,0,0,0,1,0,1
495,7,1,1,3.0,2,2,2,4,0,0,2,2,0,1,1,1,0,0,0,0,0,1,0,1
496,7,0,1,4.0,0,0,2,4,0,0,1,0,0,2,1,1,3,0,0,0,0,1,0,1
497,6,0,1,4.0,2,2,2,4,0,0,1,0,0,2,1,3,3,0,0,1,1,1,0,1
498,6,0,1,5.0,2,2,2,4,0,0,1,1,0,1,0,1,2,0,0,0,2,1,0,1
499,7,0,1,3.0,1,1,2,4,0,0,2,1,0,2,1,1,3,0,0,0,1,1,0,2
500,6,1,1,5.0,1,1,2,4,0,0,1,0,0,1,0,2,1,0,0,0,0,1,0,1
501,6,1,1,4.0,3,3,2,2,0,0,2,1,0,3,0,2,3,0,0,0,0,1,0,1
502,7,1,1,5.0,1,1,1,2,0,0,1,1,2,3,0,1,3,1,1,2,1,2,0,2
503,6,0,1,4.0,1,1,2,4,0,0,1,2,0,1,1,1,0,0,0,1,1,1,0,1
504,6,0,1,4.0,2,2,2,4,0,0,2,2,0,1,1,1,0,0,0,1,1,1,0,1
505,6,1,1,5.0,2,2,2,4,0,0,1,0,0,1,0,2,2,0,0,0,0,1,0,1
506,6,0,1,5.0,1,1,2,4,0,0,2,1,0,0,0,2,1,1,2,0,0,1,0,2
507,6,0,1,4.0,3,3,2,4,0,0,2,0,0,1,0,1,1,1,2,2,1,2,0,1
508,6,1,1,4.0,1,1,2,4,0,0,1,1,0,1,0,1,0,1,2,1,1,1,0,2
509,7,0,1,3.0,3,3,2,4,0,0,1,1,0,0,0,2,1,0,0,0,0,1,0,1
510,11,0,6,4.0,3,1,2,4,0,0,0,1,0,1,1,2,2,2,0,0,1,1,1,2
511,11,0,6,3.0,1,1,2,4,0,0,1,0,0,1,0,2,2,0,0,0,1,1,1,1
512,11,1,6,3.0,1,1,2,4,0,0,2,0,2,3,1,3,3,0,0,0,1,2,0,1
513,11,0,6,3.0,1,1,2,4,0,0,1,1,2,3,2,1,3,1,1,2,2,0,2,1
514,11,0,6,4.0,3,1,2,4,0,0,0,1,0,1,0,2,1,2,0,0,0,1,1,2
515,11,1,6,3.0,1,1,2,4,0,0,0,2,1,3,2,1,3,1,1,2,2,2,0,0
516,11,1,6,4.0,1,1,2,4,0,0,0,1,1,3,2,0,3,1,1,2,2,0,1,0
517,11,1,6,4.0,1,1,2,4,0,0,0,1,0,2,1,1,3,0,2,1,1,0,1,0
518,11,0,6,3.0,1,1,2,4,0,0,0,1,0,1,1,1,0,2,2,0,1,1,1,0
519,11,1,6,3.0,1,1,2,4,0,0,1,1,2,3,1,0,3,0,2,0,1,0,2,1
520,11,1,6,4.0,1,1,2,4,0,0,0,1,2,3,1,1,3,1,1,1,1,0,1,2
521,11,1,6,3.0,1,1,2,4,0,0,2,1,2,3,2,0,3,1,2,1,1,0,2,2
522,11,1,6,3.0,1,1,2,4,0,0,0,1,1,3,2,1,3,1,1,2,2,1,1,0
523,11,0,6,3.0,3,1,2,4,0,0,0,0,2,1,0,2,2,0,0,0,1,1,1,2
524,11,0,6,3.0,3,1,2,4,0,0,1,2,0,1,0,2,0,0,0,0,1,1,1,1
525,11,1,6,4.0,1,1,2,4,0,0,0,1,2,2,1,1,3,1,2,2,1,1,1,0
526,11,1,6,4.0,1,1,2,4,0,0,2,1,2,2,1,0,3,0,2,1,1,1,1,2
527,11,1,6,4.0,1,1,2,4,0,0,0,0,0,1,0,3,2,0,0,0,1,1,1,2
528,11,1,6,4.0,1,1,2,4,0,0,0,2,1,3,2,1,3,1,1,2,2,2,1,0
529,11,0,6,3.0,1,1,2,4,0,0,0,1,2,3,1,1,3,1,1,2,1,2,0,0
530,11,1,6,4.0,1,1,2,4,0,0,0,1,2,3,2,1,3,1,1,2,2,0,1,0
531,11,1,6,4.0,1,1,2,4,0,0,0,2,1,2,2,0,3,1,1,2,2,0,2,2
532,11,1,6,4.0,1,1,2,4,0,0,0,1,2,3,1,0,3,1,1,2,2,0,2,2
533,11,0,6,3.0,3,1,2,4,0,0,0,1,0,1,0,2,1,0,0,0,1,2,0,0
534,11,1,6,4.0,3,1,2,4,0,0,0,0,0,0,0,2,1,0,0,0,0,2,0,0
535,11,0,6,4.0,3,1,2,4,0,0,0,1,0,1,0,1,0,1,2,0,1,2,0,2
536,11,1,6,4.0,3,1,2,4,0,0,0,1,0,1,0,2,2,0,0,0,1,1,0,0
537,11,0,6,4.0,1,1,2,4,0,0,0,2,1,1,2,1,2,2,1,2,2,0,2,0
538,11,1,6,4.0,1,1,2,4,0,0,0,0,0,3,1,3,3,1,0,0,1,2,0,2
539,11,1,6,3.0,3,1,2,4,0,0,0,0,0,1,0,2,2,0,0,0,0,2,0,0
540,11,1,6,3.0,1,1,2,4,0,0,0,1,0,1,1,1,1,1,0,0,1,1,1,0
541,11,0,6,3.0,1,1,2,4,0,0,0,2,1,2,2,0,3,1,1,1,2,0,2,0
542,11,0,6,4.0,1,1,2,4,0,0,0,1,1,3,2,0,3,2,1,1,2,0,2,0
543,11,0,6,3.0,3,1,2,4,0,0,0,1,0,3,0,2,3,0,0,0,1,1,1,2
544,11,1,6,4.0,3,1,2,4,0,0,0,1,0,1,0,3,0,0,0,0,1,1,1,2
545,11,0,6,4.0,1,1,2,4,0,0,2,1,0,2,1,1,3,2,2,0,1,1,1,2
546,11,1,6,4.0,3,1,2,4,0,0,0,0,0,1,0,2,2,0,0,0,1,1,0,1
547,11,0,6,4.0,3,1,2,4,0,0,0,0,0,2,0,2,3,0,0,0,1,1,1,2
548,9,1,3,4.0,1,1,2,4,1,0,1,0,0,0,0,2,1,0,0,0,1,1,0,2
549,9,1,3,4.0,1,1,2,4,0,0,1,0,0,0,0,2,1,0,0,0,1,1,0,2
550,8,0,3,3.0,3,3,1,3,0,0,1,1,2,1,1,1,2,1,2,1,2,1,0,0
551,9,0,3,4.0,1,3,2,3,0,0,1,1,0,1,1,1,2,1,2,1,1,1,0,0
552,9,0,3,4.0,1,0,2,3,0,0,1,0,0,2,0,1,3,1,0,0,1,1,0,1
553,9,0,3,3.0,0,1,2,2,0,0,1,0,0,1,0,1,0,1,2,1,2,2,0,1
554,9,0,3,5.0,3,0,3,4,0,0,2,1,0,1,1,1,0,1,1,1,2,2,0,1
555,9,1,3,3.0,3,3,3,3,0,0,1,1,0,1,1,2,2,0,0,0,2,1,0,0
556,9,1,3,3.0,0,0,2,4,0,0,2,1,1,2,2,3,3,0,2,2,1,0,0,0
557,9,0,3,3.0,1,0,2,4,0,0,2,0,0,1,1,1,0,1,1,2,1,2,0,0
558,9,0,3,6.0,1,1,2,3,0,0,1,0,0,1,1,1,2,1,1,2,1,2,0,0
559,8,1,3,3.0,1,1,1,2,0,1,1,0,2,1,1,3,2,0,0,1,1,0,0,0
560,9,1,3,3.0,0,3,1,3,0,0,2,1,1,1,2,1,2,1,1,2,2,0,0,0
561,9,1,3,4.0,3,1,2,3,0,0,1,1,2,2,1,3,3,0,0,1,1,0,0,2
562,9,1,3,5.0,1,0,2,4,0,0,0,1,1,1,2,3,0,1,2,2,1,0,0,0
563,10,0,3,4.0,0,1,3,4,0,0,1,1,2,1,1,1,0,1,0,1,2,0,0,1
564,9,1,3,3.0,1,3,1,2,0,0,2,1,2,2,1,1,3,1,2,1,2,1,0,0
565,9,1,3,5.0,0,3,2,2,0,0,2,1,2,0,2,1,1,1,1,2,2,0,0,0
566,8,1,3,5.0,3,0,3,3,0,0,1,0,0,2,0,2,3,0,0,0,0,1,0,1
567,9,1,3,5.0,1,0,1,4,1,0,0,1,2,2,2,0,3,1,1,1,2,2,0,0
568,8,1,3,3.0,1,3,2,4,0,0,2,1,2,2,1,0,3,0,1,1,1,1,0,0
569,10,1,3,4.0,0,1,2,2,0,0,0,2,1,1,2,0,2,0,2,2,2,0,0,0
570,9,1,3,4.0,0,1,3,3,0,0,2,1,2,1,2,1,0,1,0,2,2,1,0,0
571,9,0,3,3.0,3,1,1,4,1,0,1,0,0,2,0,2,3,0,0,0,0,1,0,1
572,9,1,3,3.0,1,0,1,3,0,0,1,0,0,2,1,3,3,0,2,0,1,0,0,2
573,9,0,3,4.0,1,3,2,3,0,0,1,1,2,2,1,2,3,1,1,1,2,1,0,0
574,9,0,3,2.0,0,1,3,3,1,1,2,1,2,2,2,1,3,1,1,2,1,1,0,0
575,8,0,3,3.0,1,0,2,4,0,0,1,1,0,1,1,1,0,0,0,0,1,2,0,2
576,10,0,3,4.0,3,0,2,2,0,0,1,1,0,1,0,2,2,0,2,0,1,1,0,2
577,8,0,3,4.0,3,1,1,3,0,0,1,0,0,1,1,1,0,0,2,0,1,1,0,2
578,8,1,3,3.0,1,1,3,4,0,0,1,0,0,1,0,2,0,0,2,0,1,1,0,2
579,9,0,3,3.0,1,3,1,2,0,0,1,0,0,1,0,1,0,0,0,0,0,0,0,2
580,8,0,3,3.0,0,1,2,3,1,0,0,2,1,3,2,1,3,1,0,2,2,0,0,0
581,9,1,3,3.0,3,1,2,3,1,0,2,1,2,2,2,1,3,1,0,1,1,1,0,0
582,8,0,3,5.0,1,0,3,2,0,0,1,0,0,1,1,1,2,1,0,1,1,1,0,0
583,9,0,3,3.0,0,3,3,4,0,0,2,0,0,1,1,1,0,1,1,2,2,1,0,0
584,9,1,3,4.0,1,3,1,2,0,0,1,1,0,2,0,3,3,0,1,0,0,0,0,2
585,9,0,3,4.0,3,0,2,3,0,0,1,1,0,1,0,2,1,0,2,1,1,2,0,2
586,9,0,3,3.0,0,1,3,3,0,0,1,1,0,1,1,1,0,0,2,1,2,1,0,0
587,9,0,3,3.0,3,1,2,4,0,0,1,1,0,1,0,1,2,0,0,1,1,1,0,2
588,8,0,3,5.0,0,1,1,4,1,0,1,0,0,1,1,1,2,1,1,2,1,1,0,2
589,9,1,3,3.0,1,1,1,3,0,0,1,1,0,1,1,1,0,1,2,1,1,2,0,0
590,9,0,3,4.0,3,1,2,2,1,0,0,1,1,2,2,0,3,1,0,2,2,2,0,0
591,9,0,3,3.0,0,3,3,3,0,0,1,0,0,1,0,2,1,0,0,0,0,1,0,1
592,9,1,3,3.0,0,1,1,4,1,0,0,1,1,3,2,0,3,1,1,2,2,2,0,0
593,9,0,2,4.0,3,3,3,4,0,0,2,1,2,1,1,2,2,0,0,0,1,1,1,1
594,9,1,2,4.0,3,1,2,3,0,0,2,0,1,2,2,0,3,1,2,1,1,1,1,2
595,9,0,2,3.0,0,3,1,3,0,0,1,0,0,0,0,2,1,0,0,0,0,1,1,1
596,10,0,2,4.0,3,1,1,3,0,0,0,1,0,1,1,1,1,1,1,1,2,1,1,2
597,9,0,2,3.0,0,3,2,3,1,0,2,0,0,1,0,2,1,0,0,0,0,1,1,1
598,9,1,2,4.0,0,0,1,2,0,0,2,0,0,0,0,2,1,0,0,0,0,2,0,1
599,8,0,2,3.0,3,1,2,3,0,0,1,0,0,1,0,2,2,0,0,0,1,1,1,1
600,9,1,2,4.0,0,1,1,3,0,0,1,0,2,1,1,2,2,0,0,0,1,1,1,1
601,9,0,2,3.0,3,1,2,3,0,0,2,1,1,2,2,2,3,0,2,1,1,0,2,1
602,10,1,2,3.0,0,0,1,2,0,0,1,0,2,1,1,3,2,0,0,0,0,0,1,1
603,10,1,2,3.0,1,2,3,4,0,0,1,2,1,3,2,2,3,1,2,1,2,0,1,2
604,9,1,2,3.0,0,1,2,3,0,0,2,2,2,3,1,2,3,1,2,1,1,1,1,1
605,10,0,2,4.0,0,0,2,3,0,0,2,1,2,2,1,2,3,0,0,0,1,0,1,1
606,8,1,2,4.0,1,1,1,3,0,0,2,1,2,1,0,2,2,0,0,0,1,1,1,1
607,9,0,2,3.0,1,1,2,3,0,0,2,0,2,1,1,2,0,0,0,1,1,0,1,1
608,9,0,2,4.0,1,3,3,3,0,0,2,1,2,1,0,2,1,0,0,0,1,1,1,1
609,9,1,2,3.0,3,3,2,3,1,0,0,2,1,3,1,2,3,1,1,0,2,0,1,2
610,8,0,2,3.0,3,3,2,3,0,0,1,0,0,0,0,2,1,0,0,0,0,2,1,1
611,8,0,2,3.0,3,3,2,4,0,0,1,0,0,0,0,2,1,0,0,0,0,1,1,1
612,10,1,2,4.0,3,1,2,4,0,0,1,1,2,2,1,2,3,0,0,1,1,0,2,1
613,9,1,2,3.0,0,3,1,3,0,0,1,1,0,1,0,2,1,0,0,0,0,1,0,1
614,10,1,2,3.0,0,0,2,3,0,0,2,1,0,1,0,2,1,0,0,0,0,1,0,1
615,10,1,2,3.0,0,3,2,3,0,0,1,0,0,0,0,2,1,0,0,0,0,1,1,1
616,9,0,2,3.0,1,3,3,3,0,0,1,0,0,1,0,3,2,0,0,1,1,1,1,1
617,9,0,2,4.0,3,3,2,3,0,0,1,0,2,1,1,3,0,0,0,0,1,1,1,1
618,9,0,2,3.0,3,3,2,4,0,0,1,0,2,1,0,2,0,0,0,0,1,0,1,1
619,10,1,2,3.0,3,1,3,3,0,0,2,0,2,2,0,1,3,1,1,1,1,1,0,2
620,8,0,2,3.0,3,1,2,3,0,0,2,2,0,3,1,1,3,0,1,2,1,1,1,2
621,8,0,2,3.0,0,3,2,3,1,0,0,2,2,1,1,1,0,1,1,2,2,1,0,0
622,10,1,2,3.0,3,3,2,3,0,0,2,0,2,1,1,3,0,0,0,0,1,1,1,1
623,8,0,2,3.0,1,1,2,3,0,0,2,0,0,1,1,2,0,0,0,0,1,1,1,1
624,9,1,2,3.0,0,3,1,2,0,0,1,0,0,1,0,2,1,0,0,0,0,1,1,1
625,8,1,2,3.0,1,1,2,3,0,0,1,0,2,1,1,3,0,0,0,1,1,0,1,1
626,10,0,2,3.0,3,3,2,3,1,0,1,0,2,2,1,2,3,0,2,1,1,1,2,1
627,9,0,2,3.0,1,1,2,3,0,0,1,0,1,3,2,3,3,0,2,2,2,0,1,1
628,9,1,2,3.0,3,3,1,2,0,0,1,0,0,1,0,2,1,0,0,0,0,2,1,1
629,9,1,2,3.0,1,2,2,3,0,0,0,1,1,3,2,0,3,1,1,2,2,0,1,0
630,8,1,2,3.0,1,1,3,3,0,0,2,0,2,1,1,2,1,0,1,1,1,0,1,1
631,8,1,2,3.0,1,1,3,3,0,0,1,0,1,3,2,3,3,0,0,2,2,0,1,1
632,8,0,3,4.0,1,1,3,4,0,0,2,1,0,1,0,2,1,0,2,0,1,1,1,1
633,8,0,3,4.0,1,1,3,4,0,0,2,1,0,1,0,2,1,0,2,1,1,1,1,0
634,8,0,3,3.0,1,1,3,1,0,0,2,1,2,1,1,2,2,0,0,0,1,0,2,2
635,8,1,3,3.0,3,1,3,1,0,0,1,0,0,0,1,0,1,0,0,0,0,1,1,2
636,8,1,3,3.0,1,1,3,1,0,0,2,2,2,1,2,0,0,1,0,1,2,0,2,0
637,8,0,3,3.0,1,1,0,0,0,0,2,1,0,1,0,2,1,0,0,0,1,1,1,1
638,8,0,3,4.0,1,1,0,1,0,0,2,1,0,1,1,2,0,0,2,1,1,1,1,0
639,8,1,3,4.0,1,1,3,1,0,0,2,1,0,0,0,2,1,0,0,0,0,1,2,0
640,8,0,3,4.0,1,1,3,1,0,0,2,0,0,0,0,2,1,0,0,0,0,2,1,2
641,8,0,3,4.0,1,1,0,1,0,0,2,2,1,3,2,0,3,0,0,0,2,0,2,0
642,8,1,3,3.0,1,1,0,1,0,0,2,2,2,1,1,3,0,0,0,0,1,0,2,2
643,8,0,3,4.0,1,1,3,1,0,0,2,1,0,1,0,2,1,0,2,1,1,1,1,0
644,8,0,3,3.0,1,1,3,1,0,0,1,0,0,1,0,2,2,0,2,1,0,2,1,0
645,8,0,3,3.0,1,1,0,1,0,0,1,0,0,1,0,2,0,0,0,0,1,1,1,2
646,8,1,3,3.0,1,1,3,1,0,0,2,1,2,1,1,0,0,1,2,1,1,0,1,0
647,8,0,3,4.0,1,1,3,1,0,0,2,1,0,1,0,2,1,0,2,1,1,1,1,2
648,8,1,3,4.0,3,1,3,4,0,0,2,1,0,1,0,2,1,0,0,0,1,1,1,2
649,8,0,3,3.0,1,1,3,1,0,0,2,1,2,1,1,0,2,0,0,0,1,1,1,1
650,8,0,3,4.0,1,1,0,4,0,0,1,1,0,0,0,2,1,0,0,0,1,1,1,1
651,8,1,3,3.0,1,1,3,0,0,0,2,1,0,1,1,3,0,0,0,0,1,0,2,1
652,8,1,3,4.0,1,1,0,1,0,0,2,1,0,1,1,2,2,0,0,0,1,1,1,0
653,8,1,3,3.0,1,1,3,4,0,0,0,1,0,1,0,2,1,1,2,1,2,0,2,0
654,8,1,3,3.0,1,1,3,1,0,0,2,1,1,2,2,0,3,0,0,1,1,0,2,2
655,8,0,3,4.0,1,1,3,1,0,0,2,1,2,3,1,4,3,1,2,2,2,1,1,0
656,8,0,3,3.0,1,1,3,4,0,0,1,1,0,1,0,2,2,0,0,0,1,1,1,1
657,8,0,3,4.0,3,1,3,1,0,0,2,2,2,1,1,0,0,0,0,0,1,0,2,1
658,8,1,3,4.0,1,1,3,1,0,0,1,0,0,0,0,2,1,0,0,0,0,2,1,2
659,8,1,3,4.0,1,1,3,0,0,0,1,0,0,0,0,3,1,0,0,0,0,0,2,1
660,8,1,3,4.0,1,1,3,4,0,0,1,0,0,1,1,3,2,0,0,0,1,1,1,2
661,8,0,3,4.0,1,1,3,0,0,0,2,1,2,2,1,0,3,0,0,0,1,0,2,2
662,8,0,3,3.0,1,1,3,1,0,0,1,1,0,1,0,2,1,0,0,0,1,1,1,2
663,8,1,3,3.0,1,1,3,4,0,0,2,1,0,1,1,0,0,0,0,0,1,1,1,2
664,8,0,3,3.0,1,1,3,1,0,0,2,2,0,2,0,2,3,0,0,1,1,1,0,0
665,8,0,3,4.0,1,1,3,1,0,0,2,2,0,1,1,0,0,1,2,1,1,1,0,0
666,8,1,3,4.0,1,1,0,1,0,0,1,1,0,0,0,3,1,0,0,0,0,1,1,2
667,8,0,3,3.0,1,1,3,4,0,0,2,1,0,0,0,2,1,0,2,1,1,2,0,0
668,8,0,3,3.0,1,1,0,1,0,0,2,2,1,3,2,0,3,0,0,2,2,0,2,0
669,8,0,3,3.0,1,1,0,4,0,0,2,1,0,2,1,2,3,0,0,0,1,0,2,2
670,8,1,3,4.0,1,1,3,1,0,0,1,0,0,1,0,2,2,0,0,0,1,1,1,2
671,8,0,3,4.0,1,1,0,0,0,0,0,2,2,3,2,0,3,0,0,0,1,0,2,1
672,8,1,3,4.0,1,1,3,4,0,0,1,0,0,1,1,3,2,0,0,0,1,1,1,2
673,8,0,3,3.0,1,1,3,1,0,0,2,1,2,2,2,4,3,1,2,2,2,0,0,0
674,8,0,3,3.0,1,1,3,0,0,0,1,0,0,0,0,2,1,0,0,0,1,1,1,2
675,7,1,2,3.0,1,1,2,3,0,0,2,0,0,1,1,1,0,0,0,0,1,2,0,1
676,7,1,2,4.0,1,1,2,3,0,0,0,1,0,1,1,2,0,0,0,0,1,1,0,1
677,6,1,2,3.0,1,1,2,3,0,0,2,1,0,1,1,2,0,0,0,0,1,1,0,1
678,7,1,2,3.0,1,1,2,3,0,0,2,1,0,1,1,2,0,0,0,0,1,1,0,1
679,7,0,2,3.0,1,1,2,3,0,0,1,0,0,1,1,2,2,0,0,0,1,1,0,1
680,7,1,2,3.0,1,1,2,3,0,0,1,1,0,2,1,2,3,0,0,0,1,1,0,1
681,8,1,2,3.0,1,1,2,3,0,0,0,1,2,2,1,1,3,0,0,0,1,1,0,1
682,7,0,2,3.0,1,1,2,3,0,0,1,2,0,0,0,2,1,0,0,0,1,1,0,1
683,7,1,2,3.0,3,3,1,2,0,0,2,2,0,1,0,2,1,0,0,0,1,1,0,1
684,8,0,2,5.0,1,1,2,3,0,0,2,0,0,0,0,2,1,0,0,0,1,1,0,1
685,7,0,2,3.0,1,1,2,1,0,0,2,0,0,0,0,2,1,0,0,0,1,1,0,1
686,7,1,2,5.0,1,1,2,1,0,0,2,1,0,1,0,1,0,0,0,0,1,1,0,1
687,8,0,2,3.0,3,3,2,1,0,0,2,1,0,1,0,2,1,0,0,0,1,1,0,1
688,7,1,2,4.0,1,3,3,1,0,0,2,2,0,2,0,1,3,0,0,0,1,1,0,1
689,7,0,2,3.0,1,3,3,1,0,0,2,1,0,1,0,2,2,0,0,0,1,1,0,1
690,7,1,2,3.0,3,1,3,1,0,0,2,0,0,0,0,2,1,0,0,0,1,1,0,1
691,7,0,2,3.0,1,3,3,1,0,0,0,0,0,0,0,2,1,0,0,0,1,1,0,1
692,7,0,2,3.0,3,1,3,1,0,0,1,0,0,1,0,2,2,0,0,0,1,1,0,1
693,7,0,2,3.0,1,1,3,1,0,0,2,1,0,1,0,2,0,0,0,0,1,1,0,1
694,7,0,2,3.0,1,1,3,1,0,0,0,2,0,2,0,2,3,0,0,0,1,1,0,1
695,8,1,2,3.0,3,1,3,2,0,0,1,1,0,0,0,2,1,0,0,0,1,1,0,1
696,8,1,2,3.0,1,1,3,2,0,0,1,1,0,2,0,2,3,0,0,0,1,1,0,1
697,7,1,2,3.0,3,3,3,3,0,0,1,1,2,2,0,2,3,0,0,0,1,1,0,1
698,7,1,2,3.0,1,1,3,3,0,0,1,1,0,0,0,2,1,0,0,0,1,1,0,1
699,6,1,2,3.0,1,1,3,3,0,0,1,1,2,3,0,1,3,0,0,1,1,2,0,2
700,8,1,2,3.0,1,1,3,3,0,0,1,1,2,3,2,1,3,1,0,0,1,2,0,2
701,7,0,2,3.0,1,1,1,3,0,0,1,2,0,3,1,1,3,0,0,0,1,1,0,1
702,7,1,2,3.0,1,1,2,3,0,0,1,0,0,0,0,2,1,0,0,0,1,1,0,1
703,7,1,2,3.0,1,1,1,3,0,0,1,1,1,3,2,1,3,1,0,1,1,2,0,0
704,7,1,2,3.0,1,1,3,3,0,0,1,1,0,2,0,2,3,0,0,0,1,1,0,1
705,7,1,2,3.0,1,1,3,4,0,0,2,2,1,3,2,2,3,0,0,0,1,1,0,1
706,8,1,2,4.0,1,1,3,4,0,0,2,1,1,3,2,1,3,1,0,1,1,2,0,2
707,7,1,2,3.0,1,1,3,4,0,0,2,0,0,1,0,2,2,0,0,0,1,1,0,1
708,7,0,2,3.0,1,1,2,2,0,0,2,0,0,0,0,2,1,0,0,0,1,1,0,1
709,7,1,2,5.0,1,1,2,1,0,0,2,0,0,2,1,1,3,0,0,0,1,2,0,1
710,8,0,2,3.0,3,3,2,1,0,0,2,0,0,1,0,2,1,0,0,0,1,1,0,1
711,7,0,2,3.0,1,1,2,2,0,0,2,0,0,1,0,2,1,0,0,0,1,1,0,1
